[
    {
        "id": 1,
        "media": {
            "rcImage": "./images/blog/post/1.png",
            "gridImage": "./images/blog/1.png",
            "largeImage": "./images/blog-details/1.png"
        },
        "title": "Business Development Conferrence 2021",
        "author": "Adam",
        "date": "25 September, 2021",
        "categories": ["Business"],
        "tags": ["Structure", "React", "Premium", "Clean", "WordPress"],
        "body": ["<p class='pb-2'>Pleasure rationally encounter consequences that are extremely painful. Nor again there <br class='d-none d-xl-block' /> who loves or pursues or desires to obtain voluptas sit aspernatur aut odit aut fugit, sed <br class='d-none d-xl-block' /> consequuntur magni dolores eos qui ratione voluptatem sequi nesciunt. Neque porro <br class='d-none d-xl-block' /> est, qui dolorem ipsum quia dolor sit amet, consectetur, adipisci velit </p>", "<div class='blog-details-list'><p><i class='fa fa-angle-double-right'></i>Quisquam est qui dolorem ipsum quia dolor sit amet consectetur</p><p><i class='fa fa-angle-double-right'></i>hese cases are perfectly simple and easy todistinguish</p></div>", "<div class='blog-qutation'><p>Pleasure rationally encounter consequences that are extremely painful there who loves or pursues or desires to obtain voluptas sit aspernatur aut odit sed consequuntur magni dolores eos qui ratione voluptatem sequi nesciunt </p><i class='icofont-quote-right'></i></div>", "<div class='blog-details-grid'><div class='row mb-n7'><div class='col mb-7'><p>Pleasure rationally service are extremely are anyone who loves or pursues These cases are perfectly simple and easy to a distinguish. In a free hour, when our power of choice is untrammelled a circumstances and owing to the claims of duty some of the maintain detials for the Business</p></div><div class='col mb-7 text-end'><img class='d-block mx-auto mx-lg-0' src='/images/blog-details/2.png' alt='img' /></div><div class='col-12 mb-7'><p class='pt-2>Pleasure rationally encounter consequences that are extremely painful. Nor again there who loves or pursues or desires to obtain voluptas sit aspernatur aut odit aut fugit, sed consequuntur magni dolores eos qui ratione voluptatem sequi nesciunt.</p></div></div></div>"]
    },
    {
        "id": 2,
        "media": {
            "rcImage": "./images/blog/post/2.png",
            "gridImage": "images/blog/2.png",
            "largeImage": "./images/blog-details/1.png"
        },
        "title": "Game Development Conferrence 2021",
        "author": "Kristina",
        "date": "20 September, 2021",
        "categories": ["News"],
        "tags": ["Structure", "React", "Premium", "Clean", "WordPress"],
        "body": ["<p class='pb-2'>Pleasure rationally encounter consequences that are extremely painful. Nor again there <br class='d-none d-xl-block' /> who loves or pursues or desires to obtain voluptas sit aspernatur aut odit aut fugit, sed <br class='d-none d-xl-block' /> consequuntur magni dolores eos qui ratione voluptatem sequi nesciunt. Neque porro <br class='d-none d-xl-block' /> est, qui dolorem ipsum quia dolor sit amet, consectetur, adipisci velit </p>", "<div class='blog-details-list'><p><i class='fa fa-angle-double-right'></i>Quisquam est qui dolorem ipsum quia dolor sit amet consectetur</p><p><i class='fa fa-angle-double-right'></i>hese cases are perfectly simple and easy todistinguish</p></div>", "<div class='blog-qutation'><p>Pleasure rationally encounter consequences that are extremely painful there who loves or pursues or desires to obtain voluptas sit aspernatur aut odit sed consequuntur magni dolores eos qui ratione voluptatem sequi nesciunt </p><i class='icofont-quote-right'></i></div>", "<div class='blog-details-grid'><div class='row mb-n7'><div class='col mb-7'><p>Pleasure rationally service are extremely are anyone who loves or pursues These cases are perfectly simple and easy to a distinguish. In a free hour, when our power of choice is untrammelled a circumstances and owing to the claims of duty some of the maintain detials for the Business</p></div><div class='col mb-7 text-end'><img class='d-block mx-auto mx-lg-0' src='/images/blog-details/2.png' alt='img' /></div><div class='col-12 mb-7'><p class='pt-2>Pleasure rationally encounter consequences that are extremely painful. Nor again there who loves or pursues or desires to obtain voluptas sit aspernatur aut odit aut fugit, sed consequuntur magni dolores eos qui ratione voluptatem sequi nesciunt.</p></div></div></div>"]
    },
    {
        "id": 3,
        "media": {
            "rcImage": "./images/blog/post/3.png",
            "gridImage": "images/blog/3.png",
            "largeImage": "./images/blog-details/1.png"
        },
        "title": "Apps Development Conferrence 2021",
        "author": "Ethan",
        "date": "10 September, 2021",
        "categories": ["Investment"],
        "tags": ["Structure", "React", "Premium", "Clean", "WordPress"],
        "body": ["<p class='pb-2'>Pleasure rationally encounter consequences that are extremely painful. Nor again there <br class='d-none d-xl-block' /> who loves or pursues or desires to obtain voluptas sit aspernatur aut odit aut fugit, sed <br class='d-none d-xl-block' /> consequuntur magni dolores eos qui ratione voluptatem sequi nesciunt. Neque porro <br class='d-none d-xl-block' /> est, qui dolorem ipsum quia dolor sit amet, consectetur, adipisci velit </p>", "<div class='blog-details-list'><p><i class='fa fa-angle-double-right'></i>Quisquam est qui dolorem ipsum quia dolor sit amet consectetur</p><p><i class='fa fa-angle-double-right'></i>hese cases are perfectly simple and easy todistinguish</p></div>", "<div class='blog-qutation'><p>Pleasure rationally encounter consequences that are extremely painful there who loves or pursues or desires to obtain voluptas sit aspernatur aut odit sed consequuntur magni dolores eos qui ratione voluptatem sequi nesciunt </p><i class='icofont-quote-right'></i></div>", "<div class='blog-details-grid'><div class='row mb-n7'><div class='col mb-7'><p>Pleasure rationally service are extremely are anyone who loves or pursues These cases are perfectly simple and easy to a distinguish. In a free hour, when our power of choice is untrammelled a circumstances and owing to the claims of duty some of the maintain detials for the Business</p></div><div class='col mb-7 text-end'><img class='d-block mx-auto mx-lg-0' src='/images/blog-details/2.png' alt='img' /></div><div class='col-12 mb-7'><p class='pt-2>Pleasure rationally encounter consequences that are extremely painful. Nor again there who loves or pursues or desires to obtain voluptas sit aspernatur aut odit aut fugit, sed consequuntur magni dolores eos qui ratione voluptatem sequi nesciunt.</p></div></div></div>"]
    },
    {
        "id": 4,
        "media": {
            "rcImage": "./images/blog/post/1.png",
            "gridImage": "images/blog/4.png",
            "largeImage": "./images/blog-details/1.png"
        },
        "title": "Business Development Conferrence 2021",
        "author": "Adam",
        "date": "25 September, 2021",
        "categories": ["Consultancy"],
        "tags": ["Structure", "React", "Premium", "Clean", "WordPress"],
        "body": ["<p class='pb-2'>Pleasure rationally encounter consequences that are extremely painful. Nor again there <br class='d-none d-xl-block' /> who loves or pursues or desires to obtain voluptas sit aspernatur aut odit aut fugit, sed <br class='d-none d-xl-block' /> consequuntur magni dolores eos qui ratione voluptatem sequi nesciunt. Neque porro <br class='d-none d-xl-block' /> est, qui dolorem ipsum quia dolor sit amet, consectetur, adipisci velit </p>", "<div class='blog-details-list'><p><i class='fa fa-angle-double-right'></i>Quisquam est qui dolorem ipsum quia dolor sit amet consectetur</p><p><i class='fa fa-angle-double-right'></i>hese cases are perfectly simple and easy todistinguish</p></div>", "<div class='blog-qutation'><p>Pleasure rationally encounter consequences that are extremely painful there who loves or pursues or desires to obtain voluptas sit aspernatur aut odit sed consequuntur magni dolores eos qui ratione voluptatem sequi nesciunt </p><i class='icofont-quote-right'></i></div>", "<div class='blog-details-grid'><div class='row mb-n7'><div class='col mb-7'><p>Pleasure rationally service are extremely are anyone who loves or pursues These cases are perfectly simple and easy to a distinguish. In a free hour, when our power of choice is untrammelled a circumstances and owing to the claims of duty some of the maintain detials for the Business</p></div><div class='col mb-7 text-end'><img class='d-block mx-auto mx-lg-0' src='/images/blog-details/2.png' alt='img' /></div><div class='col-12 mb-7'><p class='pt-2>Pleasure rationally encounter consequences that are extremely painful. Nor again there who loves or pursues or desires to obtain voluptas sit aspernatur aut odit aut fugit, sed consequuntur magni dolores eos qui ratione voluptatem sequi nesciunt.</p></div></div></div>"]
    },
    {
        "id": 5,
        "media": {
            "rcImage": "./images/blog/post/2.png",
            "gridImage": "images/blog/6.png",
            "largeImage": "./images/blog-details/1.png"
        },
        "title": "Investment Planning for your Business",
        "author": "Kristina",
        "date": "20 July, 2021",
        "categories": ["Marketing"],
        "tags": ["Structure", "React", "Premium", "Clean", "WordPress"],
        "body": ["<p class='pb-2'>Pleasure rationally encounter consequences that are extremely painful. Nor again there <br class='d-none d-xl-block' /> who loves or pursues or desires to obtain voluptas sit aspernatur aut odit aut fugit, sed <br class='d-none d-xl-block' /> consequuntur magni dolores eos qui ratione voluptatem sequi nesciunt. Neque porro <br class='d-none d-xl-block' /> est, qui dolorem ipsum quia dolor sit amet, consectetur, adipisci velit </p>", "<div class='blog-details-list'><p><i class='fa fa-angle-double-right'></i>Quisquam est qui dolorem ipsum quia dolor sit amet consectetur</p><p><i class='fa fa-angle-double-right'></i>hese cases are perfectly simple and easy todistinguish</p></div>", "<div class='blog-qutation'><p>Pleasure rationally encounter consequences that are extremely painful there who loves or pursues or desires to obtain voluptas sit aspernatur aut odit sed consequuntur magni dolores eos qui ratione voluptatem sequi nesciunt </p><i class='icofont-quote-right'></i></div>", "<div class='blog-details-grid'><div class='row mb-n7'><div class='col mb-7'><p>Pleasure rationally service are extremely are anyone who loves or pursues These cases are perfectly simple and easy to a distinguish. In a free hour, when our power of choice is untrammelled a circumstances and owing to the claims of duty some of the maintain detials for the Business</p></div><div class='col mb-7 text-end'><img class='d-block mx-auto mx-lg-0' src='/images/blog-details/2.png' alt='img' /></div><div class='col-12 mb-7'><p class='pt-2>Pleasure rationally encounter consequences that are extremely painful. Nor again there who loves or pursues or desires to obtain voluptas sit aspernatur aut odit aut fugit, sed consequuntur magni dolores eos qui ratione voluptatem sequi nesciunt.</p></div></div></div>"]
    },
    {
        "id": 6,
        "media": {
            "rcImage": "./images/blog/post/3.png",
            "gridImage": "images/blog/10.png",
            "largeImage": "./images/blog-details/1.png"
        },
        "title": "Branding playing a great role in Business",
        "author": "Luice",
        "date": "13 June, 2021",
        "categories": ["Branding"],
        "tags": ["Structure", "React", "Premium", "Clean", "WordPress"],
        "body": ["<p class='pb-2'>Pleasure rationally encounter consequences that are extremely painful. Nor again there <br class='d-none d-xl-block' /> who loves or pursues or desires to obtain voluptas sit aspernatur aut odit aut fugit, sed <br class='d-none d-xl-block' /> consequuntur magni dolores eos qui ratione voluptatem sequi nesciunt. Neque porro <br class='d-none d-xl-block' /> est, qui dolorem ipsum quia dolor sit amet, consectetur, adipisci velit </p>", "<div class='blog-details-list'><p><i class='fa fa-angle-double-right'></i>Quisquam est qui dolorem ipsum quia dolor sit amet consectetur</p><p><i class='fa fa-angle-double-right'></i>hese cases are perfectly simple and easy todistinguish</p></div>", "<div class='blog-qutation'><p>Pleasure rationally encounter consequences that are extremely painful there who loves or pursues or desires to obtain voluptas sit aspernatur aut odit sed consequuntur magni dolores eos qui ratione voluptatem sequi nesciunt </p><i class='icofont-quote-right'></i></div>", "<div class='blog-details-grid'><div class='row mb-n7'><div class='col mb-7'><p>Pleasure rationally service are extremely are anyone who loves or pursues These cases are perfectly simple and easy to a distinguish. In a free hour, when our power of choice is untrammelled a circumstances and owing to the claims of duty some of the maintain detials for the Business</p></div><div class='col mb-7 text-end'><img class='d-block mx-auto mx-lg-0' src='/images/blog-details/2.png' alt='img' /></div><div class='col-12 mb-7'><p class='pt-2>Pleasure rationally encounter consequences that are extremely painful. Nor again there who loves or pursues or desires to obtain voluptas sit aspernatur aut odit aut fugit, sed consequuntur magni dolores eos qui ratione voluptatem sequi nesciunt.</p></div></div></div>"]
    },
    {
        "id": 7,
        "media": {
            "rcImage": "./images/blog/post/1.png",
            "gridImage": "images/blog/12.png",
            "largeImage": "./images/blog-details/1.png"
        },
        "title": "Business Development Conferrence 2021",
        "author": "Jack",
        "date": "13 May, 2021",
        "categories": ["Campaign & PR"],
        "tags": ["Structure", "React", "Premium", "Clean", "WordPress"],
        "body": ["<p class='pb-2'>Pleasure rationally encounter consequences that are extremely painful. Nor again there <br class='d-none d-xl-block' /> who loves or pursues or desires to obtain voluptas sit aspernatur aut odit aut fugit, sed <br class='d-none d-xl-block' /> consequuntur magni dolores eos qui ratione voluptatem sequi nesciunt. Neque porro <br class='d-none d-xl-block' /> est, qui dolorem ipsum quia dolor sit amet, consectetur, adipisci velit </p>", "<div class='blog-details-list'><p><i class='fa fa-angle-double-right'></i>Quisquam est qui dolorem ipsum quia dolor sit amet consectetur</p><p><i class='fa fa-angle-double-right'></i>hese cases are perfectly simple and easy todistinguish</p></div>", "<div class='blog-qutation'><p>Pleasure rationally encounter consequences that are extremely painful there who loves or pursues or desires to obtain voluptas sit aspernatur aut odit sed consequuntur magni dolores eos qui ratione voluptatem sequi nesciunt </p><i class='icofont-quote-right'></i></div>", "<div class='blog-details-grid'><div class='row mb-n7'><div class='col mb-7'><p>Pleasure rationally service are extremely are anyone who loves or pursues These cases are perfectly simple and easy to a distinguish. In a free hour, when our power of choice is untrammelled a circumstances and owing to the claims of duty some of the maintain detials for the Business</p></div><div class='col mb-7 text-end'><img class='d-block mx-auto mx-lg-0' src='/images/blog-details/2.png' alt='img' /></div><div class='col-12 mb-7'><p class='pt-2>Pleasure rationally encounter consequences that are extremely painful. Nor again there who loves or pursues or desires to obtain voluptas sit aspernatur aut odit aut fugit, sed consequuntur magni dolores eos qui ratione voluptatem sequi nesciunt.</p></div></div></div>"]
    },
    {
        "id": 8,
        "media": {
            "rcImage": "./images/blog/post/2.png",
            "gridImage": "images/blog/7.png",
            "largeImage": "./images/blog-details/1.png"
        },
        "title": "New Strategy for new Startup Business",
        "author": "Ethan",
        "date": "13 May, 2021",
        "categories": ["Marketing"],
        "tags": ["Structure", "React", "Premium", "Clean", "WordPress"],
        "body": ["<p class='pb-2'>Pleasure rationally encounter consequences that are extremely painful. Nor again there <br class='d-none d-xl-block' /> who loves or pursues or desires to obtain voluptas sit aspernatur aut odit aut fugit, sed <br class='d-none d-xl-block' /> consequuntur magni dolores eos qui ratione voluptatem sequi nesciunt. Neque porro <br class='d-none d-xl-block' /> est, qui dolorem ipsum quia dolor sit amet, consectetur, adipisci velit </p>", "<div class='blog-details-list'><p><i class='fa fa-angle-double-right'></i>Quisquam est qui dolorem ipsum quia dolor sit amet consectetur</p><p><i class='fa fa-angle-double-right'></i>hese cases are perfectly simple and easy todistinguish</p></div>", "<div class='blog-qutation'><p>Pleasure rationally encounter consequences that are extremely painful there who loves or pursues or desires to obtain voluptas sit aspernatur aut odit sed consequuntur magni dolores eos qui ratione voluptatem sequi nesciunt </p><i class='icofont-quote-right'></i></div>", "<div class='blog-details-grid'><div class='row mb-n7'><div class='col mb-7'><p>Pleasure rationally service are extremely are anyone who loves or pursues These cases are perfectly simple and easy to a distinguish. In a free hour, when our power of choice is untrammelled a circumstances and owing to the claims of duty some of the maintain detials for the Business</p></div><div class='col mb-7 text-end'><img class='d-block mx-auto mx-lg-0' src='/images/blog-details/2.png' alt='img' /></div><div class='col-12 mb-7'><p class='pt-2>Pleasure rationally encounter consequences that are extremely painful. Nor again there who loves or pursues or desires to obtain voluptas sit aspernatur aut odit aut fugit, sed consequuntur magni dolores eos qui ratione voluptatem sequi nesciunt.</p></div></div></div>"]
    },
    {
        "id": 9,
        "media": {
            "rcImage": "./images/blog/post/3.png",
            "gridImage": "images/blog/8.png",
            "largeImage": "./images/blog-details/1.png"
        },
        "title": "How to be an successfull Business Entrepreneur",
        "author": "Gilcrist",
        "date": "13 June, 2021",
        "categories": ["Branding"],
        "tags": ["Structure", "React", "Premium", "Clean", "WordPress"],
        "body": ["<p class='pb-2'>Pleasure rationally encounter consequences that are extremely painful. Nor again there <br class='d-none d-xl-block' /> who loves or pursues or desires to obtain voluptas sit aspernatur aut odit aut fugit, sed <br class='d-none d-xl-block' /> consequuntur magni dolores eos qui ratione voluptatem sequi nesciunt. Neque porro <br class='d-none d-xl-block' /> est, qui dolorem ipsum quia dolor sit amet, consectetur, adipisci velit </p>", "<div class='blog-details-list'><p><i class='fa fa-angle-double-right'></i>Quisquam est qui dolorem ipsum quia dolor sit amet consectetur</p><p><i class='fa fa-angle-double-right'></i>hese cases are perfectly simple and easy todistinguish</p></div>", "<div class='blog-qutation'><p>Pleasure rationally encounter consequences that are extremely painful there who loves or pursues or desires to obtain voluptas sit aspernatur aut odit sed consequuntur magni dolores eos qui ratione voluptatem sequi nesciunt </p><i class='icofont-quote-right'></i></div>", "<div class='blog-details-grid'><div class='row mb-n7'><div class='col mb-7'><p>Pleasure rationally service are extremely are anyone who loves or pursues These cases are perfectly simple and easy to a distinguish. In a free hour, when our power of choice is untrammelled a circumstances and owing to the claims of duty some of the maintain detials for the Business</p></div><div class='col mb-7 text-end'><img class='d-block mx-auto mx-lg-0' src='/images/blog-details/2.png' alt='img' /></div><div class='col-12 mb-7'><p class='pt-2>Pleasure rationally encounter consequences that are extremely painful. Nor again there who loves or pursues or desires to obtain voluptas sit aspernatur aut odit aut fugit, sed consequuntur magni dolores eos qui ratione voluptatem sequi nesciunt.</p></div></div></div>"]
    },
    {
        "id": 10,
        "media": {
            "rcImage": "./images/blog/post/1.png",
            "gridImage": "images/blog/11.png",
            "largeImage": "./images/blog-details/1.png"
        },
        "title": "Business Development Conferrence 2021",
        "author": "Michel",
        "date": "10 September, 2021",
        "categories": ["Business"],
        "tags": ["Structure", "React", "Premium", "Clean", "WordPress"],
        "body": ["<p class='pb-2'>Pleasure rationally encounter consequences that are extremely painful. Nor again there <br class='d-none d-xl-block' /> who loves or pursues or desires to obtain voluptas sit aspernatur aut odit aut fugit, sed <br class='d-none d-xl-block' /> consequuntur magni dolores eos qui ratione voluptatem sequi nesciunt. Neque porro <br class='d-none d-xl-block' /> est, qui dolorem ipsum quia dolor sit amet, consectetur, adipisci velit </p>", "<div class='blog-details-list'><p><i class='fa fa-angle-double-right'></i>Quisquam est qui dolorem ipsum quia dolor sit amet consectetur</p><p><i class='fa fa-angle-double-right'></i>hese cases are perfectly simple and easy todistinguish</p></div>", "<div class='blog-qutation'><p>Pleasure rationally encounter consequences that are extremely painful there who loves or pursues or desires to obtain voluptas sit aspernatur aut odit sed consequuntur magni dolores eos qui ratione voluptatem sequi nesciunt </p><i class='icofont-quote-right'></i></div>", "<div class='blog-details-grid'><div class='row mb-n7'><div class='col mb-7'><p>Pleasure rationally service are extremely are anyone who loves or pursues These cases are perfectly simple and easy to a distinguish. In a free hour, when our power of choice is untrammelled a circumstances and owing to the claims of duty some of the maintain detials for the Business</p></div><div class='col mb-7 text-end'><img class='d-block mx-auto mx-lg-0' src='/images/blog-details/2.png' alt='img' /></div><div class='col-12 mb-7'><p class='pt-2>Pleasure rationally encounter consequences that are extremely painful. Nor again there who loves or pursues or desires to obtain voluptas sit aspernatur aut odit aut fugit, sed consequuntur magni dolores eos qui ratione voluptatem sequi nesciunt.</p></div></div></div>"]
    },
    {
        "id": 11,
        "media": {
            "rcImage": "./images/blog/post/2.png",
            "gridImage": "images/blog/9.png",
            "largeImage": "./images/blog-details/1.png"
        },
        "title": "Importance of Campaign and PR for Business",
        "author": "Smith",
        "date": "08 September, 2021",
        "categories": ["Campaign & PR"],
        "tags": ["Structure", "React", "Premium", "Clean", "WordPress"],
        "body": ["<p class='pb-2'>Pleasure rationally encounter consequences that are extremely painful. Nor again there <br class='d-none d-xl-block' /> who loves or pursues or desires to obtain voluptas sit aspernatur aut odit aut fugit, sed <br class='d-none d-xl-block' /> consequuntur magni dolores eos qui ratione voluptatem sequi nesciunt. Neque porro <br class='d-none d-xl-block' /> est, qui dolorem ipsum quia dolor sit amet, consectetur, adipisci velit </p>", "<div class='blog-details-list'><p><i class='fa fa-angle-double-right'></i>Quisquam est qui dolorem ipsum quia dolor sit amet consectetur</p><p><i class='fa fa-angle-double-right'></i>hese cases are perfectly simple and easy todistinguish</p></div>", "<div class='blog-qutation'><p>Pleasure rationally encounter consequences that are extremely painful there who loves or pursues or desires to obtain voluptas sit aspernatur aut odit sed consequuntur magni dolores eos qui ratione voluptatem sequi nesciunt </p><i class='icofont-quote-right'></i></div>", "<div class='blog-details-grid'><div class='row mb-n7'><div class='col mb-7'><p>Pleasure rationally service are extremely are anyone who loves or pursues These cases are perfectly simple and easy to a distinguish. In a free hour, when our power of choice is untrammelled a circumstances and owing to the claims of duty some of the maintain detials for the Business</p></div><div class='col mb-7 text-end'><img class='d-block mx-auto mx-lg-0' src='/images/blog-details/2.png' alt='img' /></div><div class='col-12 mb-7'><p class='pt-2>Pleasure rationally encounter consequences that are extremely painful. Nor again there who loves or pursues or desires to obtain voluptas sit aspernatur aut odit aut fugit, sed consequuntur magni dolores eos qui ratione voluptatem sequi nesciunt.</p></div></div></div>"]
    }
]