[
    {
        "slider": [
            {
                "id": 1,
                "image": "./images/slider/slide2.png",
                "title": "Full Solution <br />for your <span class='text-decoration-underline'>Business</span><br />Development"
            }
        ]
    },
    {
        "brand": [
            {
                "id": 1,
                "image": "./images/brand-logo/1.png"
            },
            {
                "id": 2,
                "image": "./images/brand-logo/2.png"
            },
            {
                "id": 3,
                "image": "./images/brand-logo/3.png"
            },
            {
                "id": 4,
                "image": "./images/brand-logo/4.png"
            }
        ]
    },
    {
        "iconBox": [
            {
                "id": 1,
                "className": "grid-item mb-7",
                "icon": "./images/feature/logo/1.png",
                "title": "Strong Security",
                "excerpt": "Pleasure rationally encounter are extremely painful anyone who loves or pursues"
            },
            {
                "id": 2,
                "className": "grid-item card-mt-75 mb-7",
                "icon": "./images/feature/logo/2.png",
                "title": "Creative Idea",
                "excerpt": "Pleasure rationally encounter are extremely painful anyone who loves or pursues"
            },
            {
                "id": 1,
                "className": "grid-item mb-7",
                "icon": "./images/feature/logo/3.png",
                "title": "Best Service",
                "excerpt": "Pleasure rationally encounter are extremely painful anyone who loves or pursues"
            }
        ]
    },
    {
        "testimonial": [
            {
                "id": 1,
                "excerpt": "Pleasure rationally encounter consequences that are extremely painful. Nor again is there anyone who loves or pursues or desires maintain",
                "authorThumb": "./images/testimonial/avater.png",
                "name": "David Loyed",
                "designation": "CEO, Omex"
            },
            {
                "id": 2,
                "excerpt": "Pleasure rationally encounter consequences that are extremely painful. Nor again is there anyone who loves or pursues or desires maintain",
                "authorThumb": "./images/testimonial/2.png",
                "name": "John Loyed",
                "designation": "CEO, Omex"
            },
            {
                "id": 3,
                "excerpt": "Pleasure rationally encounter consequences that are extremely painful. Nor again is there anyone who loves or pursues or desires maintain",
                "authorThumb": "./images/testimonial/avater.png",
                "name": "David Loyed",
                "designation": "CEO, Omex"
            }
        ]
    },
    {
        "funfact": [
            {
                "id": 1,
                "number": 1200,
                "title": "Projects done"
            },
            {
                "id": 2,
                "number": 2354,
                "title": "Happy Clients"
            },
            {
                "id": 3,
                "number": 3299,
                "title": "Cup Coffee"
            },
            {
                "id": 4,
                "number": 101,
                "title": "Award Wins"
            }
        ]
    },
    {
        "team": [
            {
                "id": 1,
                "thumb": "./images/team/rounded-img1.png",
                "name": "Cristopher Williams",
                "designation": "Head of Idea"
            },
            {
                "id": 2,
                "thumb": "./images/team/rounded-img2.png",
                "name": "Rebeca Smith",
                "designation": "Head of HR"
            },
            {
                "id": 3,
                "thumb": "./images/team/rounded-img3.png",
                "name": "Ricardo Powel",
                "designation": "Head of Development"
            }
        ]
    }
]