[
    {
        "id": 1,
        "icon": "./images/service/icon/1.png",
        "smallIcon": "/images/service/icon/small/1.png",
        "image": "./images/service/3.png",
        "title": "Digital Solution",
        "categories": ["Digital Solution", "Business Plan", "Creative Strategy", "Branding", "Marketing Policy", "Campaign & PR"],
        "excerpt": "Pleasure rationally service are anyone who pursues",
        "body": ["<p class='text-primary fw-semi-bold mb-6'>Pleasure rationally encounter consequences that are extremely painful. Nor again <br class='d-none d-xl-block' />is there occasionally circumstances occur in which toil and pain can procure </p>", "<p class='mb-8'>Pleasure rationally encounter consequences that are extremely painful. Nor again there anyone who loves or pursues or desires to obtain voluptas sit aspernatur aut odit aut fugit, sed quia consequuntur magni dolores eos qui ratione voluptatem sequi nesciunt. Neque porro quisquam est, qui dolorem ipsum quia dolor sit amet, consectetur, adipisci velit </p>", "<div class='single-service-list'><p><i class='fa fa-angle-double-right'></i> Most confortable Business Plan for your Business</p> <p><i class='fa fa-angle-double-right'></i>Quisquam est qui dolorem ipsum quia dolor sit amet consectetur</p><p><i class='fa fa-angle-double-right'></i>These cases are perfectly simple and easy to distinguish</p><p><i class='fa fa-angle-double-right'></i>Quisquam est, qui dolorem ipsum quia dolor sit amet,consectetur</p></div>", "<div class='row sub-section-mb mt-7 mt-lg-0'><div class='col-xl-6 col-md-6'><div class='sub-section-title'><h3 class='title'>Analysis</h3><p>Pleasure rationally service are extremely are anyone who lovesor pursues These cases are perfectly simple and easy to a distinguish. In a free hour, when our power of choice is untrammelled a circumstances and owing to the claims of duty </p></div></div><div class='col-xl-5 col-md-6 text-center mt-7 mt-md-0 offset-xl-1'><img class='mt-xl-n3 ml-n2' src='/images/service/4.png' alt='service' /></div></div>", "<div class='row sub-section-mb70'><div class='col-xl-6 col-md-5 order-last order-lg-first text-center'><img class='mr-n2 mt-7 mt-md-0' src='/images/service/5.png' alt='service' /></div><div class='col-xl-5 col-md-6 offset-xl-1'><div class='sub-section-title'><h3 class='title'>Make the Business Plan</h3><p>Pleasure rationally service are extremely are anyone who loves or pursues These cases are perfectly simple and easy to a distinguish. In a free hour, when our power of choice is untrammelled a circumstances and owing to the claims of duty </p></div></div></div>"],
        "bodyBottom": "Pleasure rationally encounter consequences that are extremely painful. Nor again there anyone who loves or pursues or desires to obtain voluptas sit aspernatur aut odit aut fugit, sed quia consequuntur magni dolores eos qui ratione voluptatem sequi nesciunt. Neque porro quisquam est, qui dolorem ipsum quia dolor sit amet, consectetur, adipisci velit"
    },
    {
        "id": 2,
        "icon": "./images/service/icon/2.png",
        "smallIcon": "/images/service/icon/small/2.png",
        "image": "./images/service/3.png",
        "title": "Business Plan",
        "categories": ["Digital Solution", "Business Plan", "Creative Strategy", "Branding", "Marketing Policy", "Campaign & PR"],
        "excerpt": "Pleasure rationally service are anyone who pursues",
        "body": ["<p class='text-primary fw-semi-bold mb-6'>Pleasure rationally encounter consequences that are extremely painful. Nor again <br class='d-none d-xl-block' />is there occasionally circumstances occur in which toil and pain can procure </p>", "<p class='mb-8'>Pleasure rationally encounter consequences that are extremely painful. Nor again there anyone who loves or pursues or desires to obtain voluptas sit aspernatur aut odit aut fugit, sed quia consequuntur magni dolores eos qui ratione voluptatem sequi nesciunt. Neque porro quisquam est, qui dolorem ipsum quia dolor sit amet, consectetur, adipisci velit </p>", "<div class='single-service-list'><p><i class='fa fa-angle-double-right'></i> Most confortable Business Plan for your Business</p> <p><i class='fa fa-angle-double-right'></i>Quisquam est qui dolorem ipsum quia dolor sit amet consectetur</p><p><i class='fa fa-angle-double-right'></i>These cases are perfectly simple and easy to distinguish</p><p><i class='fa fa-angle-double-right'></i>Quisquam est, qui dolorem ipsum quia dolor sit amet,consectetur</p></div>", "<div class='row sub-section-mb mt-7 mt-lg-0'><div class='col-xl-6 col-md-6'><div class='sub-section-title'><h3 class='title'>Analysis</h3><p>Pleasure rationally service are extremely are anyone who lovesor pursues These cases are perfectly simple and easy to a distinguish. In a free hour, when our power of choice is untrammelled a circumstances and owing to the claims of duty </p></div></div><div class='col-xl-5 col-md-6 text-center mt-7 mt-md-0 offset-xl-1'><img class='mt-xl-n3 ml-n2' src='/images/service/4.png' alt='service' /></div></div>", "<div class='row sub-section-mb70'><div class='col-xl-6 col-md-5 order-last order-lg-first text-center'><img class='mr-n2 mt-7 mt-md-0' src='/images/service/5.png' alt='service' /></div><div class='col-xl-5 col-md-6 offset-xl-1'><div class='sub-section-title'><h3 class='title'>Make the Business Plan</h3><p>Pleasure rationally service are extremely are anyone who loves or pursues These cases are perfectly simple and easy to a distinguish. In a free hour, when our power of choice is untrammelled a circumstances and owing to the claims of duty </p></div></div></div>"],
        "bodyBottom": "Pleasure rationally encounter consequences that are extremely painful. Nor again there anyone who loves or pursues or desires to obtain voluptas sit aspernatur aut odit aut fugit, sed quia consequuntur magni dolores eos qui ratione voluptatem sequi nesciunt. Neque porro quisquam est, qui dolorem ipsum quia dolor sit amet, consectetur, adipisci velit"
    },
    {
        "id": 3,
        "icon": "./images/service/icon/3.png",
        "smallIcon": "/images/service/icon/small/3.png",
        "image": "./images/service/3.png",
        "title": "Creative Strategy",
        "categories": ["Digital Solution", "Business Plan", "Creative Strategy", "Branding", "Marketing Policy", "Campaign & PR"],
        "excerpt": "Pleasure rationally service are anyone who pursues",
        "body": ["<p class='text-primary fw-semi-bold mb-6'>Pleasure rationally encounter consequences that are extremely painful. Nor again <br class='d-none d-xl-block' />is there occasionally circumstances occur in which toil and pain can procure </p>", "<p class='mb-8'>Pleasure rationally encounter consequences that are extremely painful. Nor again there anyone who loves or pursues or desires to obtain voluptas sit aspernatur aut odit aut fugit, sed quia consequuntur magni dolores eos qui ratione voluptatem sequi nesciunt. Neque porro quisquam est, qui dolorem ipsum quia dolor sit amet, consectetur, adipisci velit </p>", "<div class='single-service-list'><p><i class='fa fa-angle-double-right'></i> Most confortable Business Plan for your Business</p> <p><i class='fa fa-angle-double-right'></i>Quisquam est qui dolorem ipsum quia dolor sit amet consectetur</p><p><i class='fa fa-angle-double-right'></i>These cases are perfectly simple and easy to distinguish</p><p><i class='fa fa-angle-double-right'></i>Quisquam est, qui dolorem ipsum quia dolor sit amet,consectetur</p></div>", "<div class='row sub-section-mb mt-7 mt-lg-0'><div class='col-xl-6 col-md-6'><div class='sub-section-title'><h3 class='title'>Analysis</h3><p>Pleasure rationally service are extremely are anyone who lovesor pursues These cases are perfectly simple and easy to a distinguish. In a free hour, when our power of choice is untrammelled a circumstances and owing to the claims of duty </p></div></div><div class='col-xl-5 col-md-6 text-center mt-7 mt-md-0 offset-xl-1'><img class='mt-xl-n3 ml-n2' src='/images/service/4.png' alt='service' /></div></div>", "<div class='row sub-section-mb70'><div class='col-xl-6 col-md-5 order-last order-lg-first text-center'><img class='mr-n2 mt-7 mt-md-0' src='/images/service/5.png' alt='service' /></div><div class='col-xl-5 col-md-6 offset-xl-1'><div class='sub-section-title'><h3 class='title'>Make the Business Plan</h3><p>Pleasure rationally service are extremely are anyone who loves or pursues These cases are perfectly simple and easy to a distinguish. In a free hour, when our power of choice is untrammelled a circumstances and owing to the claims of duty </p></div></div></div>"],
        "bodyBottom": "Pleasure rationally encounter consequences that are extremely painful. Nor again there anyone who loves or pursues or desires to obtain voluptas sit aspernatur aut odit aut fugit, sed quia consequuntur magni dolores eos qui ratione voluptatem sequi nesciunt. Neque porro quisquam est, qui dolorem ipsum quia dolor sit amet, consectetur, adipisci velit"
    },
    {
        "id": 4,
        "icon": "./images/service/icon/4.png",
        "smallIcon": "/images/service/icon/small/4.png",
        "image": "./images/service/3.png",
        "title": "Branding",
        "categories": ["Digital Solution", "Business Plan", "Creative Strategy", "Branding", "Marketing Policy", "Campaign & PR"],
        "excerpt": "Pleasure rationally service are anyone who pursues",
        "body": ["<p class='text-primary fw-semi-bold mb-6'>Pleasure rationally encounter consequences that are extremely painful. Nor again <br class='d-none d-xl-block' />is there occasionally circumstances occur in which toil and pain can procure </p>", "<p class='mb-8'>Pleasure rationally encounter consequences that are extremely painful. Nor again there anyone who loves or pursues or desires to obtain voluptas sit aspernatur aut odit aut fugit, sed quia consequuntur magni dolores eos qui ratione voluptatem sequi nesciunt. Neque porro quisquam est, qui dolorem ipsum quia dolor sit amet, consectetur, adipisci velit </p>", "<div class='single-service-list'><p><i class='fa fa-angle-double-right'></i> Most confortable Business Plan for your Business</p> <p><i class='fa fa-angle-double-right'></i>Quisquam est qui dolorem ipsum quia dolor sit amet consectetur</p><p><i class='fa fa-angle-double-right'></i>These cases are perfectly simple and easy to distinguish</p><p><i class='fa fa-angle-double-right'></i>Quisquam est, qui dolorem ipsum quia dolor sit amet,consectetur</p></div>", "<div class='row sub-section-mb mt-7 mt-lg-0'><div class='col-xl-6 col-md-6'><div class='sub-section-title'><h3 class='title'>Analysis</h3><p>Pleasure rationally service are extremely are anyone who lovesor pursues These cases are perfectly simple and easy to a distinguish. In a free hour, when our power of choice is untrammelled a circumstances and owing to the claims of duty </p></div></div><div class='col-xl-5 col-md-6 text-center mt-7 mt-md-0 offset-xl-1'><img class='mt-xl-n3 ml-n2' src='/images/service/4.png' alt='service' /></div></div>", "<div class='row sub-section-mb70'><div class='col-xl-6 col-md-5 order-last order-lg-first text-center'><img class='mr-n2 mt-7 mt-md-0' src='/images/service/5.png' alt='service' /></div><div class='col-xl-5 col-md-6 offset-xl-1'><div class='sub-section-title'><h3 class='title'>Make the Business Plan</h3><p>Pleasure rationally service are extremely are anyone who loves or pursues These cases are perfectly simple and easy to a distinguish. In a free hour, when our power of choice is untrammelled a circumstances and owing to the claims of duty </p></div></div></div>"],
        "bodyBottom": "Pleasure rationally encounter consequences that are extremely painful. Nor again there anyone who loves or pursues or desires to obtain voluptas sit aspernatur aut odit aut fugit, sed quia consequuntur magni dolores eos qui ratione voluptatem sequi nesciunt. Neque porro quisquam est, qui dolorem ipsum quia dolor sit amet, consectetur, adipisci velit"
    },
    {
        "id": 5,
        "icon": "./images/service/icon/5.png",
        "smallIcon": "/images/service/icon/small/7.png",
        "image": "./images/service/3.png",
        "title": "Marketing Policy",
        "categories": ["Digital Solution", "Business Plan", "Creative Strategy", "Branding", "Marketing Policy", "Campaign & PR"],
        "excerpt": "Pleasure rationally service are anyone who pursues",
        "body": ["<p class='text-primary fw-semi-bold mb-6'>Pleasure rationally encounter consequences that are extremely painful. Nor again <br class='d-none d-xl-block' />is there occasionally circumstances occur in which toil and pain can procure </p>", "<p class='mb-8'>Pleasure rationally encounter consequences that are extremely painful. Nor again there anyone who loves or pursues or desires to obtain voluptas sit aspernatur aut odit aut fugit, sed quia consequuntur magni dolores eos qui ratione voluptatem sequi nesciunt. Neque porro quisquam est, qui dolorem ipsum quia dolor sit amet, consectetur, adipisci velit </p>", "<div class='single-service-list'><p><i class='fa fa-angle-double-right'></i> Most confortable Business Plan for your Business</p> <p><i class='fa fa-angle-double-right'></i>Quisquam est qui dolorem ipsum quia dolor sit amet consectetur</p><p><i class='fa fa-angle-double-right'></i>These cases are perfectly simple and easy to distinguish</p><p><i class='fa fa-angle-double-right'></i>Quisquam est, qui dolorem ipsum quia dolor sit amet,consectetur</p></div>", "<div class='row sub-section-mb mt-7 mt-lg-0'><div class='col-xl-6 col-md-6'><div class='sub-section-title'><h3 class='title'>Analysis</h3><p>Pleasure rationally service are extremely are anyone who lovesor pursues These cases are perfectly simple and easy to a distinguish. In a free hour, when our power of choice is untrammelled a circumstances and owing to the claims of duty </p></div></div><div class='col-xl-5 col-md-6 text-center mt-7 mt-md-0 offset-xl-1'><img class='mt-xl-n3 ml-n2' src='/images/service/4.png' alt='service' /></div></div>", "<div class='row sub-section-mb70'><div class='col-xl-6 col-md-5 order-last order-lg-first text-center'><img class='mr-n2 mt-7 mt-md-0' src='/images/service/5.png' alt='service' /></div><div class='col-xl-5 col-md-6 offset-xl-1'><div class='sub-section-title'><h3 class='title'>Make the Business Plan</h3><p>Pleasure rationally service are extremely are anyone who loves or pursues These cases are perfectly simple and easy to a distinguish. In a free hour, when our power of choice is untrammelled a circumstances and owing to the claims of duty </p></div></div></div>"],
        "bodyBottom": "Pleasure rationally encounter consequences that are extremely painful. Nor again there anyone who loves or pursues or desires to obtain voluptas sit aspernatur aut odit aut fugit, sed quia consequuntur magni dolores eos qui ratione voluptatem sequi nesciunt. Neque porro quisquam est, qui dolorem ipsum quia dolor sit amet, consectetur, adipisci velit"
    },
    {
        "id": 6,
        "icon": "./images/service/icon/6.png",
        "smallIcon": "/images/service/icon/small/8.png",
        "image": "./images/service/3.png",
        "title": "Campaign & PR",
        "categories": ["Digital Solution", "Business Plan", "Creative Strategy", "Branding", "Marketing Policy", "Campaign & PR"],
        "excerpt": "Pleasure rationally service are anyone who pursues",
        "body": ["<p class='text-primary fw-semi-bold mb-6'>Pleasure rationally encounter consequences that are extremely painful. Nor again <br class='d-none d-xl-block' />is there occasionally circumstances occur in which toil and pain can procure </p>", "<p class='mb-8'>Pleasure rationally encounter consequences that are extremely painful. Nor again there anyone who loves or pursues or desires to obtain voluptas sit aspernatur aut odit aut fugit, sed quia consequuntur magni dolores eos qui ratione voluptatem sequi nesciunt. Neque porro quisquam est, qui dolorem ipsum quia dolor sit amet, consectetur, adipisci velit </p>", "<div class='single-service-list'><p><i class='fa fa-angle-double-right'></i> Most confortable Business Plan for your Business</p> <p><i class='fa fa-angle-double-right'></i>Quisquam est qui dolorem ipsum quia dolor sit amet consectetur</p><p><i class='fa fa-angle-double-right'></i>These cases are perfectly simple and easy to distinguish</p><p><i class='fa fa-angle-double-right'></i>Quisquam est, qui dolorem ipsum quia dolor sit amet,consectetur</p></div>", "<div class='row sub-section-mb mt-7 mt-lg-0'><div class='col-xl-6 col-md-6'><div class='sub-section-title'><h3 class='title'>Analysis</h3><p>Pleasure rationally service are extremely are anyone who lovesor pursues These cases are perfectly simple and easy to a distinguish. In a free hour, when our power of choice is untrammelled a circumstances and owing to the claims of duty </p></div></div><div class='col-xl-5 col-md-6 text-center mt-7 mt-md-0 offset-xl-1'><img class='mt-xl-n3 ml-n2' src='/images/service/4.png' alt='service' /></div></div>", "<div class='row sub-section-mb70'><div class='col-xl-6 col-md-5 order-last order-lg-first text-center'><img class='mr-n2 mt-7 mt-md-0' src='/images/service/5.png' alt='service' /></div><div class='col-xl-5 col-md-6 offset-xl-1'><div class='sub-section-title'><h3 class='title'>Make the Business Plan</h3><p>Pleasure rationally service are extremely are anyone who loves or pursues These cases are perfectly simple and easy to a distinguish. In a free hour, when our power of choice is untrammelled a circumstances and owing to the claims of duty </p></div></div></div>"],
        "bodyBottom": "Pleasure rationally encounter consequences that are extremely painful. Nor again there anyone who loves or pursues or desires to obtain voluptas sit aspernatur aut odit aut fugit, sed quia consequuntur magni dolores eos qui ratione voluptatem sequi nesciunt. Neque porro quisquam est, qui dolorem ipsum quia dolor sit amet, consectetur, adipisci velit"
    }
]